<?xml version="1.0" encoding="UTF-8"?>
<!DOCTYPE mapper PUBLIC "-//mybatis.org//DTD Mapper 3.0//EN" "http://mybatis.org/dtd/mybatis-3-mapper.dtd">
<mapper namespace="${packageName}.${moduleName}.mapper.${className}Mapper">

	<resultMap id="${classname}Map" type="${packageName}.${moduleName}.model.entity.${className}">
#foreach($column in $columns)
  #if($column.attrName==$pk.attrName)
		<id property="${pk.attrName}" column="${pk.columnName}"/>
  #else
		<result property="${column.attrName}" column="${column.columnName}"/>
  #end
#end
    </resultMap>

	<sql id="Base_Column_List">
#foreach($column in $columns)
		${column.columnName}#if($foreach.hasNext),#end
        
#end
	</sql>

	<sql id="Base_Alias_Column_List">
#foreach($column in $columns)
		${tableAlias}.${column.columnName}#if( $foreach.hasNext ),#end
        
#end
	</sql>
</mapper>